task_idx,task,score,synergy_impersonation_score,exec_seconds,precision,synergy_ARON,impersonation_ARON,synergy_GEORGE,impersonation_GEORGE,synergy_WILL,impersonation_WILL,synergy_BUZZ,impersonation_BUZZ,synergy_JESSE,impersonation_JESSE,synergy_LONG-HAIR,impersonation_LONG-HAIR,synergy_ABUELITA,impersonation_ABUELITA,synergy_MIGUEL,impersonation_MIGUEL,synergy_ARNOLD,impersonation_ARNOLD,synergy_HAMMOND,impersonation_HAMMOND,synergy_NEDRY,impersonation_NEDRY,synergy_BRODY,impersonation_BRODY,synergy_HOOPER,impersonation_HOOPER,synergy_CRIS,impersonation_CRIS,synergy_WAITRESS,impersonation_WAITRESS,synergy_Constanze,impersonation_Constanze,synergy_Mozart,impersonation_Mozart,synergy_RAYMOND,impersonation_RAYMOND,synergy_SUSAN,impersonation_SUSAN,synergy_ANTHONY,impersonation_ANTHONY,synergy_RIPLEY,impersonation_RIPLEY,synergy_WHITE-HAIRED MAN,impersonation_WHITE-HAIRED MAN,synergy_ERIC,impersonation_ERIC,synergy_LAO,impersonation_LAO,synergy_CHRIS,impersonation_CHRIS,synergy_SAM,impersonation_SAM,synergy_CONNIE,impersonation_CONNIE,synergy_NICK,impersonation_NICK,synergy_CORKY,impersonation_CORKY,synergy_VIOLET,impersonation_VIOLET,synergy_(SHOCKED),impersonation_(SHOCKED),synergy_ADRIAN,impersonation_ADRIAN,synergy_ANHEUSER,impersonation_ANHEUSER,synergy_POLITICAL AID #1,impersonation_POLITICAL AID #1,synergy_POLITICAL AID #2,impersonation_POLITICAL AID #2,synergy_PROF. WEST,impersonation_PROF. WEST,synergy_COFFEY,impersonation_COFFEY,synergy_LINDSEY,impersonation_LINDSEY,synergy_SCHOENICK,impersonation_SCHOENICK,synergy_Cooper,impersonation_Cooper,synergy_Donald,impersonation_Donald,synergy_Murph,impersonation_Murph,synergy_Dean,impersonation_Dean,synergy_Joan,impersonation_Joan,synergy_Ronald,impersonation_Ronald,synergy_Tim,impersonation_Tim,synergy_Kaufman,impersonation_Kaufman,synergy_Margaret,impersonation_Margaret,synergy_Bill,impersonation_Bill,synergy_Grant,impersonation_Grant,synergy_Starla,impersonation_Starla,synergy_Wally,impersonation_Wally,synergy_CARL,impersonation_CARL,synergy_GRIMSRUD,impersonation_GRIMSRUD,synergy_TROOPER,impersonation_TROOPER,synergy_Cruz,impersonation_Cruz,synergy_Gin,impersonation_Gin,synergy_Duke Leto,impersonation_Duke Leto,synergy_Gurney,impersonation_Gurney,synergy_Jessica,impersonation_Jessica,synergy_Kynes,impersonation_Kynes,synergy_Paul,impersonation_Paul,synergy_ALEC,impersonation_ALEC,synergy_JACKSON,impersonation_JACKSON,synergy_KATE,impersonation_KATE,synergy_LILLY,impersonation_LILLY,synergy_NOAH,impersonation_NOAH,synergy_OLEG,impersonation_OLEG,synergy_SASHA,impersonation_SASHA,synergy_TAMARA,impersonation_TAMARA,synergy_YURI,impersonation_YURI
1,scene_size,0.2777777777777777,0.4166666666666666,34.718321800231934,0.0,0.0,0.3333333333333333,,,,,,,,,,,,,,,,,,,,,,,,,,,,,,,,,,,,,,,,,,,,,,,,,,,,,,,,,,,,,,,,,,,,,,,,,,,,,,,,,,,,,,,,,,,,,,,,,,,,,,,,,,,,,,,,,,,,,,,,,,,,,,,,,,,,,,,,,,,,
15,interactivity,0.611111111111111,0.9166666666666666,55.97717475891113,0.0,,,0.0,1.0,1.0,0.6666666666666666,,,,,,,,,,,,,,,,,,,,,,,,,,,,,,,,,,,,,,,,,,,,,,,,,,,,,,,,,,,,,,,,,,,,,,,,,,,,,,,,,,,,,,,,,,,,,,,,,,,,,,,,,,,,,,,,,,,,,,,,,,,,,,,,,,,,,,,,
6,scene_size,0.6851851851851852,0.5277777777777778,88.49907946586609,1.0,,,,,,,1.0,0.6666666666666666,1.0,0.5,0.5,0.0,,,,,,,,,,,,,,,,,,,,,,,,,,,,,,,,,,,,,,,,,,,,,,,,,,,,,,,,,,,,,,,,,,,,,,,,,,,,,,,,,,,,,,,,,,,,,,,,,,,,,,,,,,,,,,,,,,,,,,,,,,,,,,,,,,
13,interactivity,0.4444444444444444,0.6666666666666666,91.89859771728516,0.0,,,,,,,,,,,,,0.0,0.5,1.0,0.6666666666666666,,,,,,,,,,,,,,,,,,,,,,,,,,,,,,,,,,,,,,,,,,,,,,,,,,,,,,,,,,,,,,,,,,,,,,,,,,,,,,,,,,,,,,,,,,,,,,,,,,,,,,,,,,,,,,,,,,,,,,,,,,,,,,
0,scene_size,0.6851851851851851,0.5277777777777777,106.1308455467224,1.0,,,,,,,,,,,,,,,,,1.0,0.3333333333333333,1.0,0.5,0.5,0.3333333333333333,,,,,,,,,,,,,,,,,,,,,,,,,,,,,,,,,,,,,,,,,,,,,,,,,,,,,,,,,,,,,,,,,,,,,,,,,,,,,,,,,,,,,,,,,,,,,,,,,,,,,,,,,,,,,,,,,,,,,,,,
7,scene_size,0.6666666666666666,1.0,114.8793511390686,0.0,,,,,,,,,,,,,,,,,,,,,,,0.0,1.0,1.0,1.0,,,,,,,,,,,,,,,,,,,,,,,,,,,,,,,,,,,,,,,,,,,,,,,,,,,,,,,,,,,,,,,,,,,,,,,,,,,,,,,,,,,,,,,,,,,,,,,,,,,,,,,,,,,,,,,,,,,,
8,interactivity,0.861111111111111,0.7916666666666666,135.8527135848999,1.0,,,,,,,,,,,,,,,,,,,,,,,,,,,1.0,1.0,1.0,0.6666666666666666,,,,,,,,,,,,,,,,,,,,,,,,,,,,,,,,,,,,,,,,,,,,,,,,,,,,,,,,,,,,,,,,,,,,,,,,,,,,,,,,,,,,,,,,,,,,,,,,,,,,,,,,,,,,,,,,
17,emotions,0.861111111111111,0.7916666666666666,81.15132117271423,1.0,,,,,,,,,,,,,,,,,,,,,,,,,,,,,,,1.0,0.5,1.0,0.6666666666666666,,,,,,,,,,,,,,,,,,,,,,,,,,,,,,,,,,,,,,,,,,,,,,,,,,,,,,,,,,,,,,,,,,,,,,,,,,,,,,,,,,,,,,,,,,,,,,,,,,,,,,,,,,,,
4,scene_size,0.9166666666666666,0.875,143.44873762130737,1.0,,,,,,,,,,,,,,,,,,,,,,,,,,,,,,,,,,,1.0,1.0,1.0,1.0,,,,,,,,,,,,,,,,,,,,,,,,,,,,,,,,,,,,,,,,,,,,,,,,,,,,,,,,,,,,,,,,,,,,,,,,,,,,,,,,,,,,,,,,,,,,,,,,,,,,,,,,
14,interactivity,0.9444444444444444,0.9166666666666669,147.33615136146545,1.0,,,,,,,,,,,,,,,,,,,,,,,,,,,,,,,,,,,,,,,1.0,1.0,1.0,1.0,0.5,1.0,,,,,,,,,,,,,,,,,,,,,,,,,,,,,,,,,,,,,,,,,,,,,,,,,,,,,,,,,,,,,,,,,,,,,,,,,,,,,,,,,,,,,,,,,,,,,,,,,,
2,scene_size,0.7638888888888888,0.6458333333333333,163.7629108428955,1.0,,,,,,,,,,,,,,,,,,,,,,,,,,,,,,,,,,,,,,,,,,,,,1.0,0.25,0.3333333333333333,1.0,,,,,,,,,,,,,,,,,,,,,,,,,,,,,,,,,,,,,,,,,,,,,,,,,,,,,,,,,,,,,,,,,,,,,,,,,,,,,,,,,,,,,,,,,,,,,,
20,emotions,0.9166666666666666,0.875,81.3954086303711,1.0,,,,,,,,,,,,,,,,,,,,,,,,,,,,,,,,,,,,,,,,,,,,,,,,,1.0,1.0,1.0,1.0,,,,,,,,,,,,,,,,,,,,,,,,,,,,,,,,,,,,,,,,,,,,,,,,,,,,,,,,,,,,,,,,,,,,,,,,,,,,,,,,,,,,,,,,,,
5,scene_size,0.3333333333333333,0.4999999999999999,196.2437603473664,0.0,,,,,,,,,,,,,,,,,,,,,,,,,,,,,,,,,,,,,,,,,,,,,,,,,,,,,0.0,0.5,0.6666666666666666,0.3333333333333333,,,,,,,,,,,,,,,,,,,,,,,,,,,,,,,,,,,,,,,,,,,,,,,,,,,,,,,,,,,,,,,,,,,,,,,,,,,,,,,,,,,,,,
12,interactivity,1.0,1.0,214.27991890907288,1.0,,,,,,,,,,,,,,,,,,,,,,,,,,,,,,,,,,,,,,,,,,,,,,,,,,,,,,,,,1.0,1.0,1.0,1.0,,,,,,,,,,,,,,,,,,,,,,,,,,,,,,,,,,,,,,,,,,,,,,,,,,,,,,,,,,,,,,,,,,,,,,,,,,,,,,,,,,
10,interactivity,0.7824074074074074,0.6736111111111112,215.8051309585572,1.0,,,,,,,,,,,,,,,,,,,,,,,,,,,,,,,,,,,,,,,,,,,,,,,,,,,,,,,,,,,,,1.0,1.0,1.0,0.3333333333333333,1.0,0.5,1.0,0.6666666666666666,0.5,0.25,0.6666666666666666,0.6666666666666666,,,,,,,,,,,,,,,,,,,,,,,,,,,,,,,,,,,,,,,,,,,,,,,,,,,,,,,,,,,,,,,,,,,,,,
25,adversarial,0.6203703703703703,0.4305555555555555,90.11306476593018,1.0,,,,,,,1.0,0.3333333333333333,1.0,0.25,0.5,0.0,,,,,,,,,,,,,,,,,,,,,,,,,,,,,,,,,,,,,,,,,,,,,,,,,,,,,,,,,,,,,,,,,,,,,,,,,,,,,,,,,,,,,,,,,,,,,,,,,,,,,,,,,,,,,,,,,,,,,,,,,,,,,,,,,,
3,scene_size,0.6666666666666666,0.4999999999999999,238.573009967804,1.0,,,,,,,,,,,,,,,,,,,,,,,,,,,,,,,,,,,,,,,,,,,,,,,,,,,,,,,,,,,,,,,,,,,,,,,,,1.0,0.3333333333333333,0.3333333333333333,1.0,0.5,0.3333333333333333,,,,,,,,,,,,,,,,,,,,,,,,,,,,,,,,,,,,,,,,,,,,,,,,,,,,,,,,,,,,,,,,
21,emotions,0.8333333333333334,0.75,125.66036033630373,1.0,,,,,,,,,,,,,,,,,,,,,,,,,,,,,,,,,,,,,,,,,,,,,,,,,,,,,,,,,,,,,,,,,,,,,,,,,,,,,,,1.0,0.6666666666666666,0.3333333333333333,0.5,1.0,1.0,,,,,,,,,,,,,,,,,,,,,,,,,,,,,,,,,,,,,,,,,,,,,,,,,,,,,,,,,,
23,emotions,0.75,0.625,148.60761094093323,1.0,,,,,,,,,,,,,,,,,,,,,,,,,,,,,,,,,,,,,,,,,,,,,,,,,,,,,,,,,,,,,,,,,,,,,,,,,,,,,,,,,,,,,1.0,0.5,0.6666666666666666,1.0,0.5,1.0,0.3333333333333333,1.0,,,,,,,,,,,,,,,,,,,,,,,,,,,,,,,,,,,,,,,,,,,,,,,,,,
18,emotions,0.8333333333333334,0.75,201.11694931983948,1.0,,,,,,,,,,,,,,,,,,,,,,,,,,,,,,,,,,,,,,,,,,,,,,,,,,,,,,,,,,,,,,,,,,,,,,,,,,,,,,,,,,,,,,,,,,,,,1.0,0.5,1.0,1.0,,,,,,,,,,,,,,,,,,,,,,,,,,,,,,,,,,,,,,,,,,,,,,
22,emotions,0.5555555555555556,0.3333333333333333,154.9941532611847,1.0,,,,,,,,,,,,,,,,,,,,,,,,,,,,,,,,,,,,,,,,,,,,,,,,,,,,,,,,,,,,,,,,,,,,,,,,,,,,,,,,,1.0,1.0,,,,,,,,,,,0.0,0.3333333333333333,,,,,,,,,,,,,,,,,,,,,,,,,,,,,,,,,,,,,,,,,,,,,,,,
24,emotions,0.5277777777777778,0.7916666666666666,159.25360083580017,0.0,,,,,,,,,,,,,,,,,,,,,,,,,,,,,,,,,,,,,,,,,,,,,,,,,,,,,,,,,,,,,,,,,,,,,,,,,,,,,,,,,,,,,,,,,,,,,,,,,0.0,0.5,1.0,1.0,0.5,1.0,0.6666666666666666,0.6666666666666666,,,,,,,,,,,,,,,,,,,,,,,,,,,,,,,,,,,,,,
27,adversarial,0.625,0.4374999999999999,120.08762192726137,1.0,,,,,,,,,,,,,,,,,,,,,,,,,,,,,,,,,,,1.0,0.5,0.6666666666666666,0.3333333333333333,,,,,,,,,,,,,,,,,,,,,,,,,,,,,,,,,,,,,,,,,,,,,,,,,,,,,,,,,,,,,,,,,,,,,,,,,,,,,,,,,,,,,,,,,,,,,,,,,,,,,,,,
11,interactivity,0.8703703703703703,0.8055555555555556,306.5993266105652,1.0,,,,,,,,,,,,,,,,,,,,,,,,,,,,,,,,,,,,,,,,,,,,,,,,,,,,,,,,,,,,,,,,,,,,,,,,,,,,,,,,,,,,,,,,,,,,,,,,,,,,,,,,,1.0,0.6666666666666666,0.6666666666666666,0.5,1.0,1.0,,,,,,,,,,,,,,,,,,,,,,,,,,,,,,,,
19,emotions,0.7777777777777777,0.6666666666666666,225.58771586418152,1.0,,,,,,,,,,,,,,,,,,,,,,,,,,,,,,,,,,,,,,,,,,,,,,,,,,,,,,,,,,,,,,,,,,,,,,,,,,,,,,,,,,,,,,,,,,,,,,,,,,,,,,,,,,,,,,,1.0,0.0,0.6666666666666666,1.0,,,,,,,,,,,,,,,,,,,,,,,,,,,,
26,adversarial,0.2777777777777777,0.4166666666666666,181.06952357292167,0.0,,,,,,,,,,,,,,,,,,,,,,,,,,,,,,,,,,,,,,,,,,,,,,,,,,,,,0.0,0.5,0.6666666666666666,0.0,,,,,,,,,,,,,,,,,,,,,,,,,,,,,,,,,,,,,,,,,,,,,,,,,,,,,,,,,,,,,,,,,,,,,,,,,,,,,,,,,,,,,,
30,adversarial,0.7592592592592592,0.6388888888888888,136.7540581226349,1.0,,,,,,,,,,,,,,,,,,,,,,,,,,,,,,,,,,,,,,,,,,,,,,,,,,,,,,,,,,,,,,,,,,,,,,,,,,,,,,,1.0,0.3333333333333333,0.0,0.5,1.0,1.0,,,,,,,,,,,,,,,,,,,,,,,,,,,,,,,,,,,,,,,,,,,,,,,,,,,,,,,,,,
32,adversarial,0.8333333333333334,0.75,194.99529886245728,1.0,,,,,,,,,,,,,,,,,,,,,,,,,,,,,,,1.0,1.0,0.6666666666666666,0.3333333333333333,,,,,,,,,,,,,,,,,,,,,,,,,,,,,,,,,,,,,,,,,,,,,,,,,,,,,,,,,,,,,,,,,,,,,,,,,,,,,,,,,,,,,,,,,,,,,,,,,,,,,,,,,,,,
16,interactivity,0.8666666666666667,0.8,423.5395920276642,1.0,,,,,,,,,,,,,,,,,,,,,,,,,,,,,,,,,,,,,,,,,,,,,,,,,,,,,,,,,,,,,,,,,,,,,,,,,,,,,,,,,,,,,,,,,,,,,,,,,,,,,,,,,,,,,,,,,,,1.0,0.3333333333333333,1.0,0.5,1.0,1.0,0.6666666666666666,1.0,0.5,1.0,,,,,,,,,,,,,,,,,,
29,adversarial,0.925925925925926,0.8888888888888888,279.80738282203674,1.0,,,,,,,,,,,,,,,,,,,,,,,,,,,,,,,,,,,,,,,1.0,1.0,0.6666666666666666,1.0,1.0,0.6666666666666666,,,,,,,,,,,,,,,,,,,,,,,,,,,,,,,,,,,,,,,,,,,,,,,,,,,,,,,,,,,,,,,,,,,,,,,,,,,,,,,,,,,,,,,,,,,,,,,,,,
31,adversarial,0.7222222222222222,0.5833333333333333,262.5045168399811,1.0,,,,,,,,,,,,,,,,,,,,,,,,,,,,,,,,,,,,,,,,,,,,,,,,,,,,,,,,,,,,,,,,,,,,,,,,,,,,,,,,,,,,,,,,,,,,,,,,,,,,,,,,,,,,,,,1.0,0.0,0.6666666666666666,0.6666666666666666,,,,,,,,,,,,,,,,,,,,,,,,,,,,
28,adversarial,0.7777777777777777,0.6666666666666665,419.6196839809418,1.0,,,,,,,,,,,,,,,,,,,,,,,,,,,,,,,,,,,,,,,,,,,,,,,,,,,,,,,,,,,,,,,,,,,,,,,,,,,,,,,,,,,,,,,,,,,,,,,,,,,,,,,,,1.0,0.6666666666666666,0.6666666666666666,0.5,1.0,0.6666666666666666,,,,,,,,,,,,,,,,,,,,,,,,,,,,,,,,
9,interactivity,0.8456790123456789,0.7685185185185185,727.1984167098999,1.0,,,,,,,,,,,,,,,,,,,,,,,,,,,,,,,,,,,,,,,,,,,,,,,,,,,,,,,,,,,,,,,,,,,,,,,,,,,,,,,,,,,,,,,,,,,,,,,,,,,,,,,,,,,,,,,,,,,,,,,,,,,,,1.0,0.6666666666666666,1.0,0.5,1.0,1.0,0.6666666666666666,1.0,0.5,0.3333333333333333,1.0,0.5,0.5,1.0,0.6666666666666666,0.5,1.0,1.0
