task_idx,task,score,exec_seconds,precision,synergy,impersonation_Arnold,impersonation_Hammond,impersonation_Nedry,impersonation_Aron,impersonation_Eric,impersonation_Grange,impersonation_Lao,impersonation_Coffey,impersonation_Lindsey,impersonation_Raymond,impersonation_Susan,impersonation_Connie,impersonation_Nick,impersonation_Buzz,impersonation_Jesse,impersonation_Brody,impersonation_Hooper,impersonation_Cris,impersonation_Waitress,impersonation_Alec,impersonation_Noah,impersonation_Noah:,impersonation_Oleg,impersonation_Adrian,impersonation_Political Aid #1,impersonation_Political Aid #2,impersonation_Carl,impersonation_Grimsrud,impersonation_Trooper,impersonation_Corky,impersonation_Violet,impersonation_Abuelita,impersonation_Miguel,impersonation_Anthony,impersonation_Ripley,impersonation_George,impersonation_Will,impersonation_Dr._Kynes,impersonation_Duke Leto,impersonation_Gurney Halleck,impersonation_Constanze,impersonation_Mozart,impersonation_Kaufman,impersonation_Margaret,impersonation_Cruz,impersonation_Gin,impersonation_Chris,impersonation_Sam,impersonation_Cooper,impersonation_Donald,impersonation_Dean,impersonation_Joan,impersonation_Ronald,impersonation_Tim,impersonation_Bill,impersonation_Starla
0,scene_size,0,55.218154191970825,1,0.5,0.25,0.5,0.5,,,,,,,,,,,,,,,,,,,,,,,,,,,,,,,,,,,,,,,,,,,,,,,,,,,,,
0,scene_size,0,32.713101625442505,1,0.0,,,,0.25,,,,,,,,,,,,,,,,,,,,,,,,,,,,,,,,,,,,,,,,,,,,,,,,,,,,
1,scene_size,0,60.86657929420471,1,1.0,,,,,0.25,0.5,0.25,,,,,,,,,,,,,,,,,,,,,,,,,,,,,,,,,,,,,,,,,,,,,,,,,
3,scene_size,0,53.31713342666626,1,0.0,,,,,,,,0.25,0.5,,,,,,,,,,,,,,,,,,,,,,,,,,,,,,,,,,,,,,,,,,,,,,,
4,scene_size,0,54.39071726799011,1,1.0,,,,,,,,,,0.75,0.5,,,,,,,,,,,,,,,,,,,,,,,,,,,,,,,,,,,,,,,,,,,,,
5,scene_size,0,41.027405977249146,0,0.0,,,,,,,,,,,,0.75,0.5,,,,,,,,,,,,,,,,,,,,,,,,,,,,,,,,,,,,,,,,,,,
6,scene_size,0,59.377995014190674,0,1.0,,,,,,,,,,,,,,0.25,0.0,,,,,,,,,,,,,,,,,,,,,,,,,,,,,,,,,,,,,,,,,
7,scene_size,0,65.4772469997406,1,0.5,,,,,,,,,,,,,,,,0.75,0.5,,,,,,,,,,,,,,,,,,,,,,,,,,,,,,,,,,,,,,,
8,interactivity,0,43.99674987792969,0,0.5,,,,,,,,,,,,,,,,,,0.25,0.5,,,,,,,,,,,,,,,,,,,,,,,,,,,,,,,,,,,,,
9,interactivity,0,136.64766645431519,0,0.5,,,,,,,,,,,,,,,,,,,,0.75,0.5,1.0,0.5,,,,,,,,,,,,,,,,,,,,,,,,,,,,,,,,,
10,interactivity,0,73.71437549591064,0,0.5,,,,,,,,,,,,,,,,,,,,,,,,0.5,0.75,0.75,,,,,,,,,,,,,,,,,,,,,,,,,,,,,,
11,interactivity,0,55.149726152420044,0,1.0,,,,,,,,,,,,,,,,,,,,,,,,,,,0.75,0.5,0.75,,,,,,,,,,,,,,,,,,,,,,,,,,,
12,interactivity,0,53.51475501060486,0,0.5,,,,,,,,,,,,,,,,,,,,,,,,,,,,,,0.25,1.0,,,,,,,,,,,,,,,,,,,,,,,,,
13,interactivity,1,50.01209497451782,1,1.0,,,,,,,,,,,,,,,,,,,,,,,,,,,,,,,,0.5,1.0,,,,,,,,,,,,,,,,,,,,,,,
14,interactivity,0,43.18259000778198,0,0.0,,,,,,,,,,,,,,,,,,,,,,,,,,,,,,,,,,0.75,0.5,,,,,,,,,,,,,,,,,,,,,
15,interactivity,0,40.526506662368774,0,1.0,,,,,,,,,,,,,,,,,,,,,,,,,,,,,,,,,,,,0.75,0.75,,,,,,,,,,,,,,,,,,,
16,interactivity,0,55.26042699813843,0,0.5,,,,,,,,,,,,,,,,,,,,,,,,,,,,,,,,,,,,,,0.5,0.5,0.75,,,,,,,,,,,,,,,,
17,emotions,0,43.199838638305664,1,0.5,,,,,,,,,,,,,,,,,,,,,,,,,,,,,,,,,,,,,,,,,0.5,0.25,,,,,,,,,,,,,,
18,emotions,0,56.61936140060425,0,1.0,,,,,,,,,,,,,,,,,,,,,,,,,,,,,,,,,,,,,,,,,,,0.5,0.5,,,,,,,,,,,,
19,emotions,0,40.49038290977478,0,0.5,,,,,,,,,,,,,,,,,,,,,,,,,,,,,,,,,,,,,,,,,,,,,0.25,0.25,,,,,,,,,,
20,emotions,0,41.58700442314148,1,1.0,,,,,,,,,,,,,,,,,,,,,,,,,,,,,,,,,,,,,,,,,,,,,,,0.25,0.75,,,,,,,,
21,emotions,0,46.18908357620239,0,1.0,,,,,,,,,,,,,,,,,,,,,,,,,,,,,,,,,,,,,,,,,,,,,,,,,1.0,0.75,,,,,,
22,emotions,0,50.188971281051636,1,0.5,,,,,,,,,,,,,,,,,,,,,,,,,,,,,,,,,,,,,,,,,,,0.75,,,,,,,0.5,,,,,,
23,emotions,0,64.0305278301239,0,0.5,,,,,,,,,,,,,,,,,,,,,,,,,,,,,,,,,,,,,,,,,,,,,,,,,,,1.0,0.25,0.25,1.0,,
24,emotions,0,41.020363330841064,0,0.5,,,,,,,,,,,,,,,,,,,,,,,,,,,,,,,,,,,,,,,,,,,,,,,,,,,,,,,0.5,0.75
25,adversarial,0,19.779793977737427,0,0.0,,,,,,,,,,,,,,,0.25,,,,,,,,,,,,,,,,,,,,,,,,,,,,,,,,,,,,,,,,,
26,adversarial,0,20.668882369995117,0,0.0,,,,,,,,,,,,0.5,,,,,,,,,,,,,,,,,,,,,,,,,,,,,,,,,,,,,,,,,,,,
27,adversarial,0,39.28959584236145,1,1.0,,,,,,,,,,0.25,0.5,,,,,,,,,,,,,,,,,,,,,,,,,,,,,,,,,,,,,,,,,,,,,
28,adversarial,0,24.28954768180847,0,0.0,,,,,,,,,,,,,,,,,,,,,,,,,,,0.75,,,,,,,,,,,,,,,,,,,,,,,,,,,,,
29,adversarial,0,21.02774214744568,0,0.0,,,,,,,,,,,,,,,,,,,,,,,,,,,,,,,,,,0.25,,,,,,,,,,,,,,,,,,,,,,
30,adversarial,0,21.474117040634155,0,0.0,,,,,,,,,,,,,,,,,,,,,,,,,,,,,,,,,,,,,,,,,,,,,,,,,,0.25,,,,,,
31,adversarial,0,24.465909481048584,0,0.0,,,,,,,,,,,,,,,,,,,,,,,,,,,,,,,,,,,,,,,,,,,,,0.5,,,,,,,,,,,
32,adversarial,0,30.480403900146484,0,0.5,,,,,,,,,,,,,,,,,,,,,,,,,,,,,,,,,,,,,,,,,0.5,0.75,,,,,,,,,,,,,,
